,Method,FNR
0,ERVmancer,0.016698656429942418
1,ERVmancer,0.014705882352941176
2,ERVmancer,0.075
3,ERVmancer,0.0005263157894736842
4,ERVmancer,0.022506346811876816
5,ERVmancer,0.015384615384615385
6,ERVmancer,0.05
7,ERVmancer,0.0325
8,ERVmancer,0.0
9,ERVmancer,0.7857142857142857
10,ERVmancer,0.3416666666666667
11,ERVmancer,0.26666666666666666
12,ERVmancer,0.0
13,ERVmancer,0.19411764705882353
14,ERVmancer,0.015384615384615385
15,ERVmancer,0.1625
16,ERVmancer,0.02666666666666667
17,ERVmancer,0.020679519322209735
18,ERVmancer,0.15
19,ERVmancer,0.15
20,ERVmancer,0.011538461538461539
21,ERVmancer,0.0
22,ERVmancer,0.4
23,ERVmancer,0.3
24,ERVmancer,0.0575
25,ERVmancer,0.1
26,ERVmancer,0.06363636363636363
27,ERVmancer,0.04276111685625646
28,ERVmancer,0.0
29,ERVmancer,0.14545454545454545
30,ERVmancer,0.011111111111111112
31,ERVmancer,0.04581136496777973
32,ERVmancer,0.24285714285714285
33,ERVmancer,0.14
34,ERVmancer,0.07016129032258064
35,ERVmancer,0.1125
36,ERVmancer,0.04
37,ERVmancer,0.17
38,ERVmancer,0.0
39,ERVmancer,0.07272727272727272
40,ERVmancer,0.06666666666666667
41,ERVmancer,0.2857142857142857
42,ERVmancer,0.0
43,ERVmancer,0.0
44,ERVmancer,0.06470588235294118
45,ERVmancer,0.1641025641025641
46,ERVmancer,0.0
47,ERVmancer,0.0
48,ERVmancer,0.0
49,ERVmancer,0.07692307692307693
50,ERVmancer,0.0
51,ERVmancer,0.03888888888888889
52,ERVmancer,0.11666666666666667
53,ERVmancer,0.1
54,ERVmancer,0.1375
55,ERVmancer,0.048
56,ERVmancer,0.04563854047890536
57,ERVmancer,0.0
58,ERVmancer,0.04961240310077519
59,ERVmancer,0.0
60,ERVmancer,0.01875
61,ERVmancer,0.2
62,ERVmancer,0.04451430367808865
63,ERVmancer,0.021962763289869607
64,ERVmancer,0.12857142857142856
65,ERVmancer,0.011840968020743302
66,ERVmancer,0.14
67,ERVmancer,0.10909090909090909
68,ERVmancer,0.0
69,ERVmancer,0.008333333333333333
70,ERVmancer,0.02824858757062147
71,ERVmancer,0.0
72,ERVmancer,0.1625
73,ERVmancer,0.04411663807890223
74,ERVmancer,0.05
75,ERVmancer,0.02187629378156827
76,ERVmancer,0.01795200195163602
77,ERVmancer,0.04567164179104478
78,ERVmancer,0.06388888888888888
79,ERVmancer,0.0
80,ERVmancer,0.10833333333333334
81,ERVmancer,0.0
82,ERVmancer,0.13333333333333333
83,ERVmancer,0.22
84,ERVmancer,0.07142857142857142
85,ERVmancer,0.0
86,ERVmancer,0.12222222222222222
87,ERVmancer,0.08333333333333333
88,ERVmancer,0.07777777777777778
89,ERVmancer,0.024242424242424242
90,ERVmancer,0.32
91,ERVmancer,0.2
92,ERVmancer,0.34
93,ERVmancer,0.046153846153846156
94,ERVmancer,0.2
95,ERVmancer,0.04318303811057434
96,ERVmancer,0.016666666666666666
97,ERVmancer,0.27692307692307694
98,ERVmancer,0.023529411764705882
99,ERVmancer,0.15
100,ERVmancer,0.04782608695652174
101,ERVmancer,0.05588235294117647
102,ERVmancer,0.0021671826625387
103,ERVmancer,0.6
104,ERVmancer,0.12142857142857143
105,ERVmancer,0.0005305039787798408
106,ERVmancer,0.05454545454545454
107,ERVmancer,0.017408906882591092
108,ERVmancer,0.1
109,ERVmancer,0.18888888888888888
110,ERVmancer,0.0175
111,ERVmancer,0.0
112,ERVmancer,0.05
113,ERVmancer,0.045454545454545456
114,ERVmancer,0.15294117647058825
115,ERVmancer,0.35
116,ERVmancer,0.030063291139240507
117,ERVmancer,0.11
118,ERVmancer,0.0
119,ERVmancer,0.06666666666666667
120,ERVmancer,0.011443210930828352
121,ERVmancer,0.225
122,ERVmancer,0.01903117359413203
123,ERVmancer,0.01818181818181818
124,ERVmancer,0.02213093261078577
125,ERVmancer,0.06923076923076923
126,ERVmancer,0.1375
127,ERVmancer,0.09285714285714286
128,ERVmancer,0.15
129,ERVmancer,0.0
130,ERVmancer,0.0
131,ERVmancer,0.0016194331983805667
132,ERVmancer,0.0391304347826087
133,ERVmancer,0.07628865979381444
134,ERVmancer,0.0
135,ERVmancer,0.030555555555555555
136,ERVmancer,0.02857142857142857
137,ERVmancer,0.18
138,ERVmancer,0.2
139,ERVmancer,0.004761904761904762
140,ERVmancer,0.2
141,ERVmancer,0.04234718826405868
142,ERVmancer,0.04297435897435897
143,ERVmancer,0.023126002251868026
144,ERVmancer,0.108
145,ERVmancer,0.058333333333333334
146,ERVmancer,0.06503067484662577
147,ERVmancer,0.03759541984732825
148,ERVmancer,0.02117761729653095
149,ERVmancer,0.041666666666666664
150,ERVmancer,0.07391304347826087
151,ERVmancer,0.028759949727691664
152,ERVmancer,0.018738404452690167
153,ERVmancer,0.25
154,ERVmancer,0.0
155,ERVmancer,0.023529411764705882
156,ERVmancer,0.019548872180451128
157,ERVmancer,0.0
158,ERVmancer,0.03
159,ERVmancer,0.0
160,ERVmancer,0.020061728395061727
161,ERVmancer,0.024416796267496113
162,ERVmancer,0.0
163,ERVmancer,0.1
164,ERVmancer,0.03888888888888889
165,ERVmancer,0.0
166,ERVmancer,0.04277286135693215
167,ERVmancer,0.24375
168,ERVmancer,0.0
169,ERVmancer,0.03404669260700389
170,ERVmancer,0.03333333333333333
171,ERVmancer,0.0
172,ERVmancer,0.19090909090909092
173,ERVmancer,0.0
174,ERVmancer,0.0
175,ERVmancer,0.0
176,ERVmancer,0.20833333333333334
177,ERVmancer,0.041666666666666664
178,ERVmancer,0.1625
179,ERVmancer,0.0
180,ERVmancer,0.016666666666666666
181,ERVmancer,0.0
182,ERVmancer,0.011111111111111112
183,ERVmancer,0.04268960125097732
184,ERVmancer,0.0125
185,ERVmancer,0.022222222222222223
186,ERVmancer,0.1206896551724138
187,ERVmancer,0.0
188,ERVmancer,0.1
189,ERVmancer,0.06923076923076923
190,ERVmancer,0.0
191,ERVmancer,0.08333333333333333
192,ERVmancer,0.11666666666666667
193,ERVmancer,0.1625
194,ERVmancer,0.13333333333333333
195,ERVmancer,0.018452597166727206
196,ERVmancer,0.09642857142857143
197,ERVmancer,0.022145359019264448
198,ERVmancer,0.0427417318858874
199,ERVmancer,0.06259259259259259
200,ERVmancer,0.012094653812445224
201,ERVmancer,0.15
202,ERVmancer,0.13333333333333333
203,ERVmancer,0.0
204,ERVmancer,0.04090909090909091
205,ERVmancer,0.007692307692307693
206,ERVmancer,0.18
207,ERVmancer,0.03333333333333333
208,ERVmancer,0.0
209,ERVmancer,0.01881881881881882
210,ERVmancer,0.05454545454545454
211,ERVmancer,0.02279488298693886
212,ERVmancer,0.04375
213,ERVmancer,0.0
214,ERVmancer,0.23333333333333334
215,ERVmancer,0.0698581560283688
216,ERVmancer,0.08333333333333333
217,ERVmancer,0.046153846153846156
218,ERVmancer,0.04
219,ERVmancer,0.03
220,ERVmancer,0.14
221,ERVmancer,0.026271186440677965
222,ERVmancer,0.06666666666666667
223,ERVmancer,0.5
224,ERVmancer,0.14722222222222223
225,ERVmancer,0.06
226,ERVmancer,0.11538461538461539
227,ERVmancer,0.0
228,ERVmancer,0.050253807106598984
229,ERVmancer,0.75
230,ERVmancer,0.017391304347826087
231,ERVmancer,0.021779367733405917
232,ERVmancer,0.0
233,ERVmancer,0.0
234,ERVmancer,0.016666666666666666
235,ERVmancer,0.07058823529411765
236,ERVmancer,0.017987694534925804
237,ERVmancer,0.03542168674698795
238,ERVmancer,0.03571428571428571
239,ERVmancer,0.34444444444444444
240,ERVmancer,0.0
241,ERVmancer,0.034444444444444444
242,ERVmancer,0.0
243,ERVmancer,0.10909090909090909
244,ERVmancer,0.08333333333333333
245,ERVmancer,0.04375
246,ERVmancer,0.1
247,ERVmancer,0.0
248,ERVmancer,0.11428571428571428
249,ERVmancer,0.042701581540057036
250,ERVmancer,0.2375
251,ERVmancer,0.0
252,ERVmancer,0.0
253,ERVmancer,0.03333333333333333
254,ERVmancer,0.022429906542056073
255,ERVmancer,0.022210397698159315
256,ERVmancer,0.004204204204204204
257,ERVmancer,0.475
258,ERVmancer,0.05
259,ERVmancer,0.01411764705882353
260,ERVmancer,0.3
261,ERVmancer,0.07272727272727272
262,ERVmancer,0.0
263,ERVmancer,0.15333333333333332
264,ERVmancer,0.0189873417721519
265,ERVmancer,0.006666666666666667
266,ERVmancer,0.0125
267,ERVmancer,0.18
268,ERVmancer,0.04235528060097216
269,ERVmancer,0.32105263157894737
270,ERVmancer,0.21666666666666667
271,ERVmancer,0.02
272,ERVmancer,0.10588235294117647
273,ERVmancer,0.0
274,ERVmancer,0.07692307692307693
275,ERVmancer,0.01168384879725086
276,ERVmancer,0.16111111111111112
277,ERVmancer,0.02301584488320159
278,ERVmancer,0.2833333333333333
279,ERVmancer,0.0375
280,ERVmancer,0.018609194700531167
281,ERVmancer,0.01807634730538922
282,ERVmancer,0.0
283,ERVmancer,0.0
284,ERVmancer,0.0058823529411764705
285,ERVmancer,0.0
286,ERVmancer,0.13333333333333333
287,ERVmancer,0.08181818181818182
288,ERVmancer,0.10909090909090909
289,ERVmancer,0.042940578974098524
290,ERVmancer,0.13529411764705881
291,ERVmancer,0.016666666666666666
292,ERVmancer,0.0
293,ERVmancer,0.01875
294,ERVmancer,0.98
295,ERVmancer,0.0
296,ERVmancer,0.0
297,ERVmancer,0.02
298,ERVmancer,0.13333333333333333
299,ERVmancer,0.4
300,ERVmancer,0.022222222222222223
301,ERVmancer,0.08333333333333333
302,ERVmancer,0.000881057268722467
303,ERVmancer,0.04938271604938271
304,ERVmancer,0.03590225563909774
305,ERVmancer,0.24285714285714285
306,ERVmap,0.08646814869026927
307,ERVmap,0.047538461538461536
308,ERVmap,0.08626817953861585
309,ERVmap,0.2819753086419753
310,ERVmap,0.004166666666666667
311,ERVmap,0.5652777777777778
312,ERVmap,0.08486880466472303
313,ERVmap,0.08888888888888889
314,ERVmap,0.09516857915023703
315,ERVmap,0.07315668202764977
316,ERVmap,0.09214260376019866
317,ERVmap,0.16899224806201552
318,ERVmap,0.0
319,ERVmap,0.0
320,ERVmap,0.08646437511447586
321,ERVmap,0.058695652173913045
322,ERVmap,0.1490332176499752
323,ERVmap,0.06428571428571428
324,ERVmap,0.004545454545454545
325,ERVmap,0.0
326,ERVmap,0.025
327,ERVmap,0.722680412371134
328,ERVmap,0.1125
329,ERVmap,0.06814516129032258
330,ERVmap,0.22589167767503301
331,ERVmap,0.0
332,ERVmap,0.99375
333,ERVmap,0.08645171149144254
334,ERVmap,0.06314814814814815
335,ERVmap,0.09814747548129313
336,ERVmap,0.12696793002915452
337,ERVmap,0.14375
338,ERVmap,0.025
339,ERVmap,0.05416666666666667
340,ERVmap,0.09166666666666666
341,ERVmap,0.0
342,ERVmap,1.0
343,ERVmap,0.046460176991150445
344,ERVmap,0.17074303405572755
345,ERVmap,0.09580998248686515
346,ERVmap,0.08365881677197014
347,ERVmap,0.0
348,ERVmap,0.0
349,ERVmap,0.0
350,ERVmap,0.1000561377245509
351,ERVmap,0.5973684210526315
352,ERVmap,0.007142857142857143
353,ERVmap,0.08766970330722058
354,ERVmap,0.0
355,ERVmap,0.08341924398625429
356,ERVmap,0.0
357,ERVmap,0.08888888888888889
358,ERVmap,0.0
359,ERVmap,0.008333333333333333
360,ERVmap,0.020833333333333332
361,ERVmap,0.09582865047116798
362,ERVmap,0.0
363,ERVmap,0.08736059479553904
364,ERVmap,0.02
365,ERVmap,0.0
366,ERVmap,0.0
367,ERVmap,0.0
368,ERVmap,0.0
369,ERVmap,0.10408742075408742
370,ERVmap,0.0
371,ERVmap,0.09496356711103751
372,ERVmap,0.13832216170925848
373,ERVmap,0.01875
374,ERVmap,0.0
375,ERVmap,0.03219533275713051
376,ERVmap,0.0
377,ERVmap,0.0
378,ERVmap,0.04753102378490176
379,ERVmap,0.025757575757575757
380,ERVmap,0.010416666666666666
381,ERVmap,0.03213058419243986
382,ERVmap,0.021333333333333333
383,ERVmap,0.0
384,ERVmap,0.015384615384615385
385,ERVmap,0.425
386,ERVmap,0.19615384615384615
387,ERVmap,0.0
388,ERVmap,0.09716471647164716
389,ERVmap,0.08694598928656727
390,ERVmap,0.06269035532994924
391,ERVmap,0.03036723163841808
392,ERVmap,0.08461538461538462
393,ERVmap,0.04667481662591687
394,ERVmap,0.06818181818181818
395,ERVmap,0.031938514090520925
396,ERVmap,0.0
397,ERVmap,0.31333333333333335
398,ERVmap,0.0
399,ERVmap,0.06259036144578313
400,ERVmap,0.06797676008202325
401,ERVmap,0.0
402,ERVmap,0.075
403,ERVmap,0.03636363636363636
404,ERVmap,0.18783783783783783
405,ERVmap,0.0
406,ERVmap,0.0
407,ERVmap,0.0
408,ERVmap,0.013333333333333334
409,ERVmap,0.08611111111111111
410,ERVmap,0.0
411,ERVmap,0.048215244229736984
412,ERVmap,0.0
413,ERVmap,0.0
414,ERVmap,0.05
415,ERVmap,0.0
416,ERVmap,0.020370370370370372
417,ERVmap,0.05
418,ERVmap,0.029166666666666667
419,ERVmap,0.9827777777777778
420,ERVmap,0.10270528325907066
421,ERVmap,0.0
422,ERVmap,0.0
423,ERVmap,0.9818181818181818
424,ERVmap,0.017619047619047618
425,ERVmap,0.0
426,ERVmap,0.0
427,ERVmap,0.05
428,ERVmap,0.0
429,ERVmap,0.0
430,ERVmap,0.06668399168399168
431,ERVmap,0.3082191780821918
432,ERVmap,0.9764705882352941
433,ERVmap,0.047248169654127745
434,ERVmap,0.008333333333333333
435,ERVmap,0.0
436,ERVmap,0.38
437,ERVmap,0.059923664122137406
438,ERVmap,0.004166666666666667
439,ERVmap,0.3836538461538462
440,ERVmap,0.1680379746835443
441,ERVmap,0.14086378737541527
442,ERVmap,0.0
443,ERVmap,0.0
444,ERVmap,0.0
445,ERVmap,0.0
446,ERVmap,0.03
447,ERVmap,0.0
448,ERVmap,0.09642857142857143
449,ERVmap,0.0
450,ERVmap,0.846551724137931
451,ERVmap,0.034375
452,ERVmap,0.045454545454545456
453,ERVmap,0.0
454,ERVmap,0.0
455,ERVmap,0.0
456,ERVmap,0.097828447339848
457,ERVmap,0.03571428571428571
458,ERVmap,0.08381717850287908
459,ERVmap,0.04753694581280788
460,ERVmap,0.0
461,ERVmap,0.0
462,ERVmap,0.0
463,ERVmap,0.15268361581920903
464,ERVmap,0.9555555555555556
465,ERVmap,0.37115384615384617
466,ERVmap,0.11391050583657587
467,ERVmap,0.0
468,ERVmap,0.032559158632778265
469,ERVmap,0.0
470,ERVmap,0.05618336886993604
471,ERVmap,0.0
472,ERVmap,0.05
473,ERVmap,0.0
474,ERVmap,0.05
475,ERVmap,0.01
476,ERVmap,0.025
477,ERVmap,0.37191011235955057
478,ERVmap,0.0
479,ERVmap,0.0
480,ERVmap,0.0862606184736259
481,ERVmap,0.008333333333333333
482,ERVmap,0.088125
483,ERVmap,0.05070298769771529
484,ERVmap,0.028125
485,ERVmap,0.9638888888888889
486,ERVmap,0.00625
487,ERVmap,0.0
488,ERVmap,0.0
489,ERVmap,0.16323529411764706
490,ERVmap,0.0
491,ERVmap,0.09564504850974564
492,ERVmap,0.0
493,ERVmap,0.0
494,ERVmap,0.0
495,ERVmap,0.17955465587044533
496,ERVmap,0.0
497,ERVmap,0.0
498,ERVmap,0.025
499,ERVmap,0.0038461538461538464
500,ERVmap,0.0033333333333333335
501,ERVmap,0.1875
502,ERVmap,0.0
503,ERVmap,0.04760229345843107
504,ERVmap,0.0
505,ERVmap,0.035
506,ERVmap,0.1461764705882353
507,ERVmap,0.0
508,ERVmap,0.02721518987341772
509,ERVmap,1.0
510,ERVmap,0.12
511,ERVmap,0.05357142857142857
512,ERVmap,0.004545454545454545
513,ERVmap,0.03
514,ERVmap,0.0
515,ERVmap,1.0
516,ERVmap,0.0
517,ERVmap,0.0
518,ERVmap,0.02727272727272727
519,ERVmap,0.05588235294117647
520,ERVmap,0.0
521,ERVmap,0.0
522,ERVmap,0.0
523,ERVmap,0.019230769230769232
524,ERVmap,0.0
525,ERVmap,0.034375
526,ERVmap,0.04782608695652174
527,ERVmap,0.02318840579710145
528,ERVmap,0.007738095238095238
529,ERVmap,0.020833333333333332
530,ERVmap,0.006666666666666667
531,ERVmap,0.809375
532,ERVmap,0.0
533,ERVmap,0.12108753315649867
534,ERVmap,0.0
535,ERVmap,0.0
536,ERVmap,0.1354251012145749
537,ERVmap,0.05416666666666667
538,ERVmap,0.1726315789473684
539,ERVmap,0.0
540,ERVmap,0.09147839950227477
541,ERVmap,0.178
542,ERVmap,0.08900437838036719
543,ERVmap,0.017289719626168223
544,ERVmap,0.03235294117647059
545,ERVmap,0.06956521739130435
546,ERVmap,0.0
547,ERVmap,0.04
548,ERVmap,0.04742254951752158
549,ERVmap,0.0
550,ERVmap,0.0
551,ERVmap,0.0
552,ERVmap,0.34858934169279
553,ERVmap,0.0
554,ERVmap,0.0
555,ERVmap,0.2669354838709677
556,ERVmap,0.0
557,ERVmap,0.0
558,ERVmap,0.0
559,ERVmap,0.034375
560,ERVmap,0.05909090909090909
561,ERVmap,0.16666666666666666
562,ERVmap,0.06073619631901841
563,ERVmap,0.06081560283687943
564,ERVmap,0.09
565,ERVmap,0.0
566,ERVmap,0.00909090909090909
567,ERVmap,0.03162393162393162
568,ERVmap,0.07
569,ERVmap,0.052349914236706686
570,ERVmap,0.1302863436123348
571,ERVmap,0.9720588235294118
572,ERVmap,0.06
573,ERVmap,0.050597296447657966
574,ERVmap,0.019318181818181818
575,ERVmap,0.0125
576,ERVmap,0.0
577,ERVmap,0.125
578,ERVmap,0.026470588235294117
579,ERVmap,0.10555555555555556
580,ERVmap,0.0
581,ERVmap,0.09545454545454546
582,ERVmap,0.0
583,ERVmap,0.0
584,ERVmap,0.0
585,ERVmap,0.011538461538461539
586,ERVmap,0.1
587,ERVmap,0.04579098541758728
588,ERVmap,0.7147058823529412
589,ERVmap,0.0
590,ERVmap,0.0
591,ERVmap,0.0
592,ERVmap,0.05
593,ERVmap,0.02375
594,ERVmap,0.03271604938271605
595,ERVmap,0.025
596,ERVmap,0.056666666666666664
597,ERVmap,0.0
598,ERVmap,0.10555555555555556
599,ERVmap,0.0
600,ERVmap,0.0
601,ERVmap,0.0
602,ERVmap,0.0
603,ERVmap,0.015413533834586466
604,ERVmap,0.04
605,ERVmap,0.056451612903225805
606,ERVmap,0.05917573872472784
607,ERVmap,0.07272727272727272
608,ERVmap,0.1264705882352941
609,ERVmap,0.0
610,ERVmap,0.325
611,ERVmap,0.03333333333333333
612,TELEscope,0.2309974689720367
613,TELEscope,0.05123076923076923
614,TELEscope,0.21459064694082247
615,TELEscope,0.6834567901234568
616,TELEscope,0.0
617,TELEscope,0.30833333333333335
618,TELEscope,0.17067055393586006
619,TELEscope,0.06666666666666667
620,TELEscope,0.13320632670240573
621,TELEscope,0.06405529953917051
622,TELEscope,0.13261203736549604
623,TELEscope,0.5519379844961241
624,TELEscope,0.0
625,TELEscope,0.0
626,TELEscope,0.23028878441907322
627,TELEscope,0.02608695652173913
628,TELEscope,0.19494298463063955
629,TELEscope,0.05714285714285714
630,TELEscope,0.0
631,TELEscope,0.0
632,TELEscope,0.011111111111111112
633,TELEscope,0.5216494845360825
634,TELEscope,0.039285714285714285
635,TELEscope,0.04838709677419355
636,TELEscope,0.49682959048877146
637,TELEscope,0.0
638,TELEscope,0.675
639,TELEscope,0.2297127139364303
640,TELEscope,0.09185185185185185
641,TELEscope,0.18092989466037052
642,TELEscope,0.4014577259475219
643,TELEscope,0.125
644,TELEscope,0.0
645,TELEscope,0.025
646,TELEscope,0.075
647,TELEscope,0.0
648,TELEscope,0.625
649,TELEscope,0.05132743362831858
650,TELEscope,0.29690402476780187
651,TELEscope,0.1332443082311734
652,TELEscope,0.16863871338311315
653,TELEscope,0.5
654,TELEscope,0.0
655,TELEscope,0.0
656,TELEscope,0.1774326347305389
657,TELEscope,0.3
658,TELEscope,0.0
659,TELEscope,0.15366700932260466
660,TELEscope,0.1
661,TELEscope,0.16815578465063002
662,TELEscope,0.0
663,TELEscope,0.05555555555555555
664,TELEscope,0.0
665,TELEscope,0.025
666,TELEscope,0.016666666666666666
667,TELEscope,0.1357007002680038
668,TELEscope,0.0
669,TELEscope,0.37323420074349445
670,TELEscope,0.0
671,TELEscope,0.0
672,TELEscope,0.0
673,TELEscope,0.0
674,TELEscope,0.0
675,TELEscope,0.17590924257590923
676,TELEscope,0.0
677,TELEscope,0.13415169330131654
678,TELEscope,0.1716589861751152
679,TELEscope,0.0
680,TELEscope,0.0
681,TELEscope,0.16188418323249784
682,TELEscope,0.0125
683,TELEscope,0.0
684,TELEscope,0.05124095139607032
685,TELEscope,0.017424242424242425
686,TELEscope,0.030208333333333334
687,TELEscope,0.1629725085910653
688,TELEscope,0.013333333333333334
689,TELEscope,0.0
690,TELEscope,0.0
691,TELEscope,0.5
692,TELEscope,0.08076923076923077
693,TELEscope,0.007692307692307693
694,TELEscope,0.22916291629162916
695,TELEscope,0.17011156982496844
696,TELEscope,0.09593908629441625
697,TELEscope,0.02344632768361582
698,TELEscope,0.6384615384615384
699,TELEscope,0.04965770171149144
700,TELEscope,0.045454545454545456
701,TELEscope,0.1632792485055508
702,TELEscope,0.1
703,TELEscope,0.11
704,TELEscope,0.0
705,TELEscope,0.05831325301204819
706,TELEscope,0.07103554340396445
707,TELEscope,0.0
708,TELEscope,0.1
709,TELEscope,0.045454545454545456
710,TELEscope,0.24081081081081082
711,TELEscope,0.12
712,TELEscope,0.0
713,TELEscope,0.0
714,TELEscope,0.013333333333333334
715,TELEscope,0.2777777777777778
716,TELEscope,0.0
717,TELEscope,0.05198604401502952
718,TELEscope,0.0
719,TELEscope,0.0
720,TELEscope,0.0540763968072976
721,TELEscope,0.0
722,TELEscope,0.024074074074074074
723,TELEscope,0.041666666666666664
724,TELEscope,0.008333333333333333
725,TELEscope,0.7644444444444445
726,TELEscope,0.19261616804583068
727,TELEscope,0.0
728,TELEscope,0.0
729,TELEscope,0.8151515151515152
730,TELEscope,0.20095238095238097
731,TELEscope,0.0
732,TELEscope,0.04
733,TELEscope,0.008333333333333333
734,TELEscope,0.0
735,TELEscope,0.0
736,TELEscope,0.20041580041580043
737,TELEscope,0.7408219178082192
738,TELEscope,0.711764705882353
739,TELEscope,0.0506185306740722
740,TELEscope,0.0
741,TELEscope,0.0
742,TELEscope,0.175
743,TELEscope,0.056106870229007635
744,TELEscope,0.016666666666666666
745,TELEscope,0.24423076923076922
746,TELEscope,0.22784810126582278
747,TELEscope,0.4461794019933555
748,TELEscope,0.0
749,TELEscope,0.0
750,TELEscope,0.0
751,TELEscope,0.0
752,TELEscope,0.02
753,TELEscope,0.0
754,TELEscope,0.07857142857142857
755,TELEscope,0.07857142857142857
756,TELEscope,0.6310344827586207
757,TELEscope,0.00625
758,TELEscope,0.045454545454545456
759,TELEscope,0.0
760,TELEscope,0.06666666666666667
761,TELEscope,0.0
762,TELEscope,0.18063698878031126
763,TELEscope,0.014285714285714285
764,TELEscope,0.17236084452975048
765,TELEscope,0.05117967332123412
766,TELEscope,0.0
767,TELEscope,0.0
768,TELEscope,0.0
769,TELEscope,0.20875706214689266
770,TELEscope,0.5944444444444444
771,TELEscope,0.9153846153846154
772,TELEscope,0.16011673151750971
773,TELEscope,0.03076923076923077
774,TELEscope,0.16047326906222611
775,TELEscope,0.0
776,TELEscope,0.0628997867803838
777,TELEscope,0.03333333333333333
778,TELEscope,0.045454545454545456
779,TELEscope,0.0
780,TELEscope,0.05
781,TELEscope,0.0
782,TELEscope,0.025
783,TELEscope,0.3651685393258427
784,TELEscope,0.0
785,TELEscope,1.0
786,TELEscope,0.17566732699862336
787,TELEscope,0.0
788,TELEscope,0.14147727272727273
789,TELEscope,0.05512595196250732
790,TELEscope,0.01875
791,TELEscope,0.5888888888888889
792,TELEscope,1.0
793,TELEscope,0.0
794,TELEscope,0.0
795,TELEscope,0.061764705882352944
796,TELEscope,0.0
797,TELEscope,0.1339262302246307
798,TELEscope,0.0
799,TELEscope,0.0
800,TELEscope,0.0
801,TELEscope,0.35668016194331986
802,TELEscope,0.0
803,TELEscope,0.0
804,TELEscope,0.0
805,TELEscope,0.0
806,TELEscope,0.0
807,TELEscope,0.225
808,TELEscope,0.0
809,TELEscope,0.05126400833984884
810,TELEscope,0.0
811,TELEscope,0.0
812,TELEscope,0.1011764705882353
813,TELEscope,0.0
814,TELEscope,0.01139240506329114
815,TELEscope,0.975
816,TELEscope,0.13
817,TELEscope,0.04285714285714286
818,TELEscope,0.0
819,TELEscope,0.02
820,TELEscope,0.0
821,TELEscope,0.85
822,TELEscope,0.0
823,TELEscope,0.0
824,TELEscope,0.03636363636363636
825,TELEscope,0.0
826,TELEscope,0.0
827,TELEscope,0.0
828,TELEscope,0.0
829,TELEscope,0.015384615384615385
830,TELEscope,0.0
831,TELEscope,0.00625
832,TELEscope,0.02608695652173913
833,TELEscope,0.010144927536231883
834,TELEscope,0.02619047619047619
835,TELEscope,0.025
836,TELEscope,0.0
837,TELEscope,0.65
838,TELEscope,0.0
839,TELEscope,0.37745358090185677
840,TELEscope,0.0625
841,TELEscope,0.0
842,TELEscope,0.1388663967611336
843,TELEscope,0.016666666666666666
844,TELEscope,0.15736842105263157
845,TELEscope,0.0
846,TELEscope,0.1324182447408329
847,TELEscope,0.072
848,TELEscope,0.142646896500975
849,TELEscope,0.03457943925233645
850,TELEscope,0.01764705882352941
851,TELEscope,0.12173913043478261
852,TELEscope,0.0
853,TELEscope,0.05
854,TELEscope,0.05088877602844083
855,TELEscope,0.0
856,TELEscope,0.0
857,TELEscope,0.0
858,TELEscope,0.8310344827586207
859,TELEscope,0.0
860,TELEscope,0.0
861,TELEscope,0.6456221198156682
862,TELEscope,0.4888888888888889
863,TELEscope,0.0
864,TELEscope,0.0
865,TELEscope,0.04375
866,TELEscope,0.0424860853432282
867,TELEscope,0.16666666666666666
868,TELEscope,0.04049079754601227
869,TELEscope,0.08829787234042553
870,TELEscope,0.08
871,TELEscope,0.0
872,TELEscope,0.00909090909090909
873,TELEscope,0.01282051282051282
874,TELEscope,0.05
875,TELEscope,0.058833619210977704
876,TELEscope,0.14955947136563877
877,TELEscope,0.538235294117647
878,TELEscope,0.08
879,TELEscope,0.0561458660798491
880,TELEscope,0.0022727272727272726
881,TELEscope,0.0
882,TELEscope,0.0
883,TELEscope,0.1
884,TELEscope,0.0
885,TELEscope,0.10780780780780781
886,TELEscope,0.0
887,TELEscope,0.08181818181818182
888,TELEscope,0.0
889,TELEscope,0.0
890,TELEscope,0.016666666666666666
891,TELEscope,0.0
892,TELEscope,0.14
893,TELEscope,0.05307114449845338
894,TELEscope,0.3352941176470588
895,TELEscope,0.0
896,TELEscope,0.0
897,TELEscope,1.0
898,TELEscope,0.05333333333333334
899,TELEscope,0.1725
900,TELEscope,0.025925925925925925
901,TELEscope,0.02857142857142857
902,TELEscope,0.38333333333333336
903,TELEscope,0.0
904,TELEscope,0.07777777777777778
905,TELEscope,0.0
906,TELEscope,0.0
907,TELEscope,0.0
908,TELEscope,0.0
909,TELEscope,0.03007518796992481
910,TELEscope,0.15333333333333332
911,TELEscope,0.01935483870967742
912,TELEscope,0.04339035769828927
913,TELEscope,0.01818181818181818
914,TELEscope,0.061764705882352944
915,TELEscope,0.0
916,TELEscope,0.35
917,TELEscope,0.05
