Tumor_Sample_Barcode,Clade_2844,p53_status
HDQP1_BREAST,36.5016997157282,del
EFM192A_BREAST,0.9520980432481017,del
UACC893_BREAST,0.294747561608688,del
MDAMB361_BREAST,1.6488193171274343,del
MDAMB436_BREAST,1.1299286073441592,del
MDAMB157_BREAST,2.292305035211746,del
HMC18_BREAST,18.93641446540484,del
HCC202_BREAST,0.5822635294010376,del
HCC1806_BREAST,8.182803591111513,del
HCC1937_BREAST,38.85961373197377,del
HCC1569_BREAST,1.3165986565597192,del
HCC70_BREAST,7.821519918449741,mut
JIMT1_BREAST,14.631880653910295,mut
MDAMB468_BREAST,5.909310595702453,mut
AU565_BREAST,0.4072195005515475,mut
HCC1143_BREAST,17.09189682836792,mut
HCC1395_BREAST,10.686868778921191,mut
HCC2157_BREAST,0.7350876365534738,mut
BT549_BREAST,6.512994660013698,mut
CAL51_BREAST,1.0109630310545652,wt
DU4475_BREAST,0.3389785060392001,wt
UACC812_BREAST,1.1841473028978962,wt
MCF7_BREAST,0.3162940995166292,wt
MDAMB175VII_BREAST,0.3109683230951547,wt
HCC1428_BREAST,1.1317891061634466,wt
HCC1500_BREAST,0.902471946659538,wt
ZR751_BREAST,0.7885815670937865,wt
ZR7530_BREAST,0.4531761666129367,wt
