,start_or_end_position,C,T,G,A
0,s1,0.4730290456431535,0.0954356846473029,0.26556016597510373,0.16597510373443983
1,s2,0.04564315352697095,0.024896265560165973,0.7780082987551867,0.15145228215767634
2,s3,0.022821576763485476,0.01037344398340249,0.8340248962655602,0.13278008298755187
3,s4,1.0,0.0,0.0,0.0
4,s5,0.0,0.3360995850622407,0.0,0.6639004149377593
5,s6,0.0,0.3879668049792531,0.0,0.6120331950207469
6,s7,0.0,0.0,1.0,0.0
7,s8,0.4004149377593361,0.58298755186722,0.006224066390041493,0.01037344398340249
8,s9,0.8962655601659751,0.0954356846473029,0.002074688796680498,0.006224066390041493
9,s10,0.6431535269709544,0.34647302904564314,0.006224066390041493,0.004149377593360996
0,e1,0.01867219917012448,0.016597510373443983,0.8319502074688797,0.13278008298755187
1,e2,0.006224066390041493,0.0,0.8817427385892116,0.11203319502074689
2,e3,0.02074688796680498,0.06016597510373444,0.8506224066390041,0.06846473029045644
3,e4,1.0,0.0,0.0,0.0
4,e5,0.0,0.08713692946058091,0.0,0.9128630705394191
5,e6,0.0,0.1078838174273859,0.0,0.8921161825726142
6,e7,0.0,0.0,1.0,0.0
7,e8,0.3029045643153527,0.6721991701244814,0.006224066390041493,0.01867219917012448
8,e9,0.10580912863070539,0.34647302904564314,0.006224066390041493,0.5414937759336099
9,e10,0.6390041493775933,0.34439834024896265,0.0,0.016597510373443983
